Male Category,Male Clothing,Female Category,Female Clothing
Casino Glasses,Black Deep Shades,Arena Wars Character Suits,POGO Glasses
Aviators,Silver Eyewear,Checkered,Round Glasses
Glasses,Pink & Yellow Glow Shades,Diamond Casino Glasses,Black Rim Tint Aviators
Glasses,Blue & Yellow Glow Shades,Diamond Casino Glasses,Blue Argyle Aviators
Glasses,Blue & Pink Glow Shades,Diamond Casino Glasses,Dot Fade Aviators
Glasses,Purple & Yellow Glow Shades,Diamond Casino Glasses,Electric Blue Tint Aviators
Glasses,Pink Glow Shades,Diamond Casino Glasses,Gold Tint Aviators
Glasses,Blue Glow Shades,Diamond Casino Glasses,Herringbone Aviators
Glasses,Yellow Glow Shades,Diamond Casino Glasses,Hoizon Aviators
Glasses,Blue & Magenta Glow Shades,Diamond Casino Glasses,Magenta Tint Aviators
Glasses,Red Glow Shades,Diamond Casino Glasses,Orange Fade Tint Aviators
Glasses,Green Glow Shades,Diamond Casino Glasses,Purple Vine Aviators
Glasses,Orange Glow Shades,Diamond Casino Glasses,Walnut Aviators
Glasses,Red & Yellow Glow Shades,Diamond Casino Glasses,White Rim Tint Aviators
Parachute/Duffel Bags,Parachute/Duffel Bags Equal Themselves,Duffel Bags,Parachute/Duffel Bags Equal Themselves
Monster Masks,Clean Horned Skull Mask,Earpiece Mask,White Earpiece Mask
Glasses,Star Independence Glasses,Glasses,Black Hipsters Glasses
Sports Glasses,Green Urban Ski Glasses,Glasses,Blue Shooter Glasses
Sports Glasses,Beige Outlaw Goggles,Glasses,Camo Collection Casuals
Sports Glasses,Yellow Urban Ski Glasses,Glasses,Gray Shooter Glasses
Sports Glasses,Brown Urban Ski Glasses,Glasses,Green Shooter Glasses
Hipster,Checked Glasses,Glasses,Multicolored Retro Classics
Sports Glasses,Orange Urban Ski Glasses,Glasses,Orange Shooter Glasses
Sports Glasses,Grayscale Urban Sky Glasses,Glasses,Pink Shooter Glasses
Sports Glasses,Pink Urban Ski Glasses,Glasses,Purple Shooter Glasses
Sports Glasses,Ox Blood Outlaw Goggles,Glasses,Red Casuals Glasses
Sports Glasses,Dusk Urban Ski Glasses,Glasses,Red Shooter Glasses
Sports Glasses,Tropical Urban Ski Glasses,Glasses,Tan Shooter Glasses
Sports Glasses,Mono Outlaw Goggles,Glasses,Tortoiseshell Casuals Glasses
Sports Glasses,Tan Outlaw Goggles,Glasses,Zap Casuals Glasses
Square Shades,Brown Square Shades,Glasses,Midnight Tint Oversize Shades
Square Shades,Yellow Square Shades,Glasses,Sunset Tint Oversize Shades
Square Shades,Black Square Shades,Glasses,Black Tint Oversize Shades
Square Shades,Tortoisehell Square Shades,Glasses,Blue Tint Oversize Shades
Square Shades,Green Square Shades,Glasses,Gold Tint Oversize Shades
Square Shades,Red Square Shades,Glasses,Green Tint Oversize Shades
Square Shades,Pink Tinted Square Shades,Glasses,Orange Tint Oversize Shades
Square Shades,Blue Tinted Square Shades,Glasses,Red Tint Oversize Shades
Square Shades,White Square Shades,Glasses,Pink Tint Oversize Shades
Square Shades,Pink Square Shades,Glasses,Yellow Tint Oversize Shades
Square Shades,All White Square Shades,Glasses,Lemon Tint Oversize Shades
Square Shades,Mono Square Shades,Glasses,Gold Rimmed Tint Oversize Shades
Glasses,Blue Tinted Round Shades (Not Yet Available),Glasses,Blue & Magenta Glow Shades
Glasses,White Checked Round Shades (Not Yet Available),Glasses,Blue & Pink Glow Shades
Glasses,Blue Checked Round Shades (Not Yet Available),Glasses,Blue & Yellow Glow Shades
Glasses,Black Round Shades (Not Yet Available),Glasses,Blue Glow Shades
Glasses,White Round Shades (Not Yet Available),Glasses,Green Glow Shades
Glasses,Yellow Checked Round Shades (Not Yet Available),Glasses,Orange Glow Shades
Glasses,Orange Checked Round Shades (Not Yet Available),Glasses,Pink & Yellow Glow Shades
Glasses,Pink Tinted Round Shades (Not Yet Available),Glasses,Pink Glow Shades
Glasses,Green Checked Round Shades (Not Yet Available),Glasses,Purple & Yellow Glow Shades
Glasses,Green Tinted Round Shades (Not Yet Available),Glasses,Red & Yellow Glow Shades
Glasses,Pink Checked Round Shades (Not Yet Available),Glasses,Red Glow Shades
Glasses,Red Checked Round Shades (Not Yet Available),Glasses,Yellow Glow Shades
Scubasuit Goggles,Black Scubasuit Goggles,Glasses,Beige Outlaw Goggles
Scubasuit Goggles,Cyan Scubasuit Goggles,Glasses,Black Outlaw Goggles
Scubasuit Goggles,White Scubasuit Goggles,Glasses,Blue Outlaw Goggles
Scubasuit Goggles,Red Scubasuit Goggles,Glasses,Mono Outlaw Goggles
Scubasuit Goggles,Blue Scubasuit Goggles,Glasses,Ox Blood Outlaw Goggles
Scubasuit Goggles,Lime Scubasuit Goggles,Glasses,Tan Outlaw Goggles
Masks,Masks Equal Themselves,Masks,Masks Equal Themselves
Associate Outfits,Green Flat Associate Armor,Merge CEO Armor,Merge CEO Armor
CEO Outfits,Black Heavy CEO Armor,Merge CEO Armor,Merge CEO Armor
Standard Armor,Inventory Armor (add to merge shirt),Merge Inventory Armor,Merge Inventory Armor
Biker Suit Logos,Black Biker Suit Western Logos,Racing Suits,Black Racing Suit Logos (Only)
Biker Suit Logos,Red Biker Suit Nagasaki Logos,Racing Suits,Gray Racing Suit Logos (Only)
Biker Suit Logos,French Biker Suit Crevis Logos,Racing Suits,Green Racing Suit Logos (Only)
Biker Suit Logos,Green Biker Suit Sprunk Logos,Racing Suits,Nacy Racing Suit Logos (Only)
Biker Suit Logos,Italian Biker Suit Redwood Logos,Racing Suits,Red Racing Suit Logos (Only)
Biker Suit Logos,Yellow Biker Suit Metiorite Logos,Racing Suits,White Racing Suit Logos (Only)
Glasses,Dot Fade Diamond Casino Aviators ,Scubasuit Goggles,Black Scubasuit Goggles
Glasses,Walnut Diamond Casino Aviators ,Scubasuit Goggles,Blue Scubasuit Goggles
Glasses,Purple Vine Diamond Casino Aviators ,Scubasuit Goggles,Cyan Scubasuit Goggles
Glasses,Electric Blue Tint Diamond Casino Aviators ,Scubasuit Goggles,Gray & Orange Scubasuit Goggles
Glasses,White Rim Tint Diamond Casino Aviators ,Scubasuit Goggles,Green Scubasuit Goggles
Glasses,Herringbone Diamond Casino Aviators ,Scubasuit Goggles,Lime Scubasuit Goggles
Glasses,Gold Tint Diamond Casino Aviators ,Scubasuit Goggles,Orange Scubasuit Goggles
Glasses,Blue Argyle Diamond Casino Aviators ,Scubasuit Goggles,Pink Backside Scubasuit Goggles
Glasses,Horizon Diamond Casino Aviators ,Scubasuit Goggles,Red Scubasuit Goggles
Glasses,Black Rim Tint Diamond Casino Aviators ,Scubasuit Goggles,Teal Scubasuit Goggles
Glasses,Orange Fade Tint Diamond Casino Aviators ,Scubasuit Goggles,White Scubasuit Goggles
Glasses,Magenta Tint Diamond Casino Aviators ,Scubasuit Goggles,Yellow Scubasuit Goggles
Designer Glasses,Silver Round Glasses,Unlocks - Glasses,Pink Checked Round Shades
Designer Glasses,Gold Round Glasses,Unlocks - Glasses,Yellow Checked Round Shades
Designer Glasses,Rose Round Glasses,Unlocks - Glasses,Red Checked Round Shades
Designer Glasses,Tortoiseshell Round Glasses,Unlocks - Glasses,White Round Shaes
Designer Glasses,Gold Framed Round Glasses,Unlocks - Glasses,Black Round Shades
Designer Glasses,Blue Framed Round Glasses,Unlocks - Glasses,Pink Tinted Round Shades
Designer Glasses,Tortoisehell & Silver Round Glasses,Unlocks - Glasses,Blue Tinted Round Shades
Designer Glasses,Tortoiseshell & Gold Round Glasses,Unlocks - Glasses,Green Checked Round Shades
Designer Glasses,Gray Tortoisehell Round Glasses,Unlocks - Glasses,Blue Checked Round Shades
Designer Glasses,Gold Swirl Round Glasses,Unlocks - Glasses,Orange Checked Round Shades
Designer Glasses,Gold Fade Round Glasses,Unlocks - Glasses,Green Tinted Round Shades
Designer Glasses,Black Round Glasses,Unlocks - Glasses,White Checked Round Shades
Glasses,Broker Purple Wraparounds,Glasses,DS Blue Tint Bugs
Glasses,Broker Pink Wraparounds,Glasses,DS Brown Bugs
Glasses,Broker Orange Wraparounds,Glasses,DS Green Marble Bugs
Glasses,Broker Lime Wraparounds,Glasses,DS Pink Bugs
Glasses,Broker Yellow Wraparounds,Glasses,DS Red Bugs
Glasses,Broker Red Wraparounds,Glasses,DS Teal Bugs
Glasses,Broker Crimson Wraparounds,Glasses,DS White Bugs
